First Name,Last Name,Email,Courses,Grades,Marks
SrilakshmiNarayanaMurthy,,,"Math, English, History","A, A, B","88, 62, 99"
James,Franco,mariothornton@example.org,"History, Math, English","A, C, A","52, 85, 81"
Renee,Lamb,rbrown@example.org,"Math, English, History","D, B, F","89, 63, 97"
Gina,Williams,richard45@example.org,"History, English, Math","B, D, C","76, 58, 81"
Alejandro,Wells,mcdanielmichael@example.net,"History, English, Math","F, A, F","60, 66, 97"
Megan,Parks,howardnancy@example.com,"History, Math, English","B, F, D","54, 58, 96"
Becky,Figueroa,tammy94@example.com,"English, Math, History","F, B, C","73, 61, 50"
Gavin,Adams,timothy53@example.net,"History, Math, English","A, A, B","88, 62, 99"
John,White,bgomez@example.com,"Math, English, History","F, F, A","56, 70, 77"
Amber,Franklin,latoyawalker@example.com,"English, Math, History","B, F, C","85, 54, 86"
Matthew,Herrera,jamesamanda@example.net,"English, History, Math","C, B, B","70, 86, 93"
Brittany,Young,bryangrimes@example.org,"English, History, Math","B, B, B","97, 88, 52"
David,Nelson,patricia96@example.com,"English, History, Math","B, B, B","54, 82, 79"
Nicholas,York,ogreen@example.net,"Math, English, History","B, F, A","60, 80, 81"
Emily,Ferguson,robinsonpamela@example.net,"English, Math, History","D, D, B","68, 60, 87"
Jessica,Velasquez,rowlandanthony@example.org,"Math, History, English","D, D, B","95, 69, 96"
Thomas,Ruiz,michele64@example.org,"History, English, Math","A, A, C","85, 53, 93"
Michelle,Mercer,zhernandez@example.org,"English, Math, History","D, C, C","65, 90, 87"
Caitlin,Wright,smithvalerie@example.com,"History, Math, English","F, F, B","70, 95, 97"
Matthew,Welch,warrenjared@example.org,"English, History, Math","F, D, C","81, 54, 73"
Christian,Ross,timothy57@example.com,"History, Math, English","A, D, B","67, 82, 75"
Kimberly,Sanchez,jeffrey02@example.org,"English, Math, History","F, F, A","76, 53, 97"
Timothy,Stanton,jonathanstewart@example.net,"English, Math, History","B, B, D","94, 100, 60"
Hannah,Hall,mturner@example.net,"English, Math, History","C, F, A","91, 72, 90"
Jose,Bennett,limegan@example.net,"English, Math, History","D, D, D","94, 56, 69"
Tracy,Snyder,jonestimothy@example.org,"History, Math, English","D, C, C","78, 62, 90"
April,Hill,nicholsvictor@example.org,"English, History, Math","B, A, F","50, 88, 63"
Jody,Finley,maymichael@example.net,"Math, English, History","A, F, D","93, 79, 83"
Amanda,Boyd,krista35@example.org,"English, Math, History","A, B, C","91, 96, 98"
Allison,Simpson,vross@example.org,"History, English, Math","F, D, D","99, 51, 87"
Maria,Jordan,njackson@example.org,"History, English, Math","C, B, C","87, 77, 90"
Allen,Baird,perezkimberly@example.org,"English, History, Math","A, A, C","61, 96, 95"
Leroy,Buchanan,durankaren@example.com,"History, English, Math","F, F, A","81, 56, 85"
Charles,Meyer,michaeldavis@example.net,"English, Math, History","C, D, F","87, 87, 54"
Diane,Walker,agomez@example.net,"History, English, Math","B, C, A","73, 86, 73"
Jonathan,Rowland,riveramelissa@example.com,"Math, History, English","B, B, D","79, 75, 64"
Thomas,Cabrera,debraperez@example.org,"English, History, Math","D, D, C","69, 90, 88"
Larry,Richardson,mary59@example.com,"History, English, Math","D, A, C","86, 91, 67"
Lori,Marshall,teresacochran@example.com,"English, History, Math","D, D, F","97, 56, 81"
Thomas,House,mikaylabonilla@example.org,"History, English, Math","B, B, F","68, 66, 54"
Alexander,Jefferson,browndanielle@example.com,"Math, English, History","A, C, A","87, 76, 84"
Jessica,Russell,mwoods@example.net,"Math, English, History","B, D, C","87, 72, 80"
Eric,Schmidt,nicholas10@example.net,"History, Math, English","B, F, C","72, 78, 78"
Alison,Mcgee,henrykatherine@example.org,"Math, English, History","C, C, C","50, 79, 97"
Kristina,Beck,michaelshepherd@example.net,"Math, History, English","F, C, F","88, 64, 56"
Derek,Carr,rachel70@example.com,"Math, English, History","A, A, F","54, 65, 54"
Michael,Tucker,ericwells@example.net,"English, History, Math","A, A, B","61, 65, 53"
Jessica,Meyer,colejones@example.org,"English, History, Math","C, B, C","91, 92, 94"
Jason,Martinez,mariahowell@example.net,"History, English, Math","F, A, B","100, 80, 63"
Catherine,Vargas,cochrankristopher@example.com,"History, Math, English","D, C, A","81, 76, 70"
Kaitlyn,Barker,abentley@example.com,"Math, English, History","B, F, B","77, 66, 51"
Phillip,Chandler,williamsonmicheal@example.net,"Math, English, History","A, C, A","88, 60, 68"
Ross,Salazar,dballard@example.org,"English, History, Math","D, C, D","92, 86, 97"
Chris,Zimmerman,marissa74@example.net,"English, History, Math","A, C, F","53, 83, 56"
Melissa,Coleman,lisa55@example.org,"History, Math, English","A, A, A","96, 98, 77"
Patrick,Pitts,raygabrielle@example.org,"Math, History, English","D, C, A","92, 99, 73"
Rebecca,Wilkinson,vjuarez@example.net,"History, English, Math","B, B, D","73, 54, 71"
David,Garrison,nwilliams@example.net,"History, English, Math","C, C, C","97, 68, 100"
Megan,Martinez,nicoleking@example.net,"Math, History, English","C, A, C","77, 92, 64"
Amy,Jimenez,chambersedward@example.org,"English, Math, History","F, B, C","76, 63, 50"
Robin,Garcia,linda49@example.net,"Math, History, English","A, F, D","92, 73, 85"
Walter,Graham,rwest@example.org,"English, History, Math","D, B, A","76, 95, 70"
Shelly,Lopez,bryantnancy@example.org,"Math, English, History","C, A, B","92, 91, 58"
Linda,Compton,croberts@example.com,"English, Math, History","A, C, C","63, 62, 75"
Sara,Wright,whitetara@example.org,"English, History, Math","C, F, A","62, 55, 73"
Adam,Underwood,zbennett@example.com,"English, History, Math","D, C, F","94, 67, 80"
Christine,Wood,zallen@example.net,"History, English, Math","C, B, F","60, 74, 74"
Elizabeth,Garza,rangelalan@example.org,"Math, English, History","B, F, B","84, 94, 77"
Erica,Walter,trankevin@example.org,"English, History, Math","F, F, F","78, 87, 56"
Wendy,Rivera,brendamaynard@example.net,"History, Math, English","A, B, A","66, 69, 96"
Leah,Lopez,gonzalezbrett@example.com,"English, Math, History","F, D, B","72, 94, 72"
Paula,York,dannydavis@example.org,"History, Math, English","A, D, A","73, 96, 68"
Richard,Strickland,anthony81@example.com,"English, History, Math","A, A, A","69, 62, 98"
Joshua,Moore,david14@example.com,"Math, English, History","D, D, D","98, 99, 85"
Kevin,Davis,roger71@example.org,"Math, History, English","A, C, C","81, 65, 67"
Eric,Hale,joshuajensen@example.net,"English, Math, History","D, C, A","54, 64, 76"
Amy,Cole,olsonjason@example.org,"Math, History, English","D, D, B","99, 63, 89"
Joan,Powell,robert52@example.net,"English, History, Math","D, C, C","99, 69, 69"
Megan,Hensley,swise@example.com,"Math, English, History","F, C, B","89, 55, 59"
Wendy,Williams,ccombs@example.org,"English, History, Math","F, A, B","87, 91, 64"
Stacy,Walters,fvaldez@example.org,"History, English, Math","D, F, A","53, 94, 59"
Crystal,Murphy,danny16@example.net,"History, Math, English","F, A, A","62, 65, 87"
Patricia,Randall,yholmes@example.net,"English, Math, History","D, A, B","50, 62, 84"
Colin,Chang,dunnbriana@example.com,"Math, English, History","F, A, F","52, 76, 69"
Dustin,Smith,nharris@example.org,"English, History, Math","C, F, F","58, 51, 67"
Edward,Yates,laurarodriguez@example.com,"English, History, Math","D, F, C","56, 57, 89"
Robert,Gonzalez,petersonangela@example.org,"English, History, Math","D, A, C","56, 71, 73"
Anna,Henry,ryan43@example.net,"History, Math, English","B, F, F","63, 92, 93"
David,Gonzales,ejones@example.net,"English, Math, History","D, C, C","84, 85, 85"
Megan,Johnson,alexandranolan@example.net,"English, Math, History","C, F, C","98, 57, 81"
Victoria,Navarro,mesparza@example.net,"English, Math, History","C, F, B","93, 69, 67"
Alicia,Drake,vjohnson@example.net,"Math, English, History","A, D, A","79, 64, 61"
Brent,Cervantes,nguyenjohn@example.org,"History, Math, English","C, C, F","78, 90, 67"
Patrick,Perez,nolankevin@example.com,"History, English, Math","C, A, D","52, 75, 68"
Marissa,Wallace,kenneth86@example.com,"English, History, Math","A, F, F","88, 100, 82"
Eric,Olson,april90@example.org,"English, Math, History","D, D, D","81, 53, 85"
Anna,Sullivan,ashleymelanie@example.org,"English, Math, History","B, B, D","60, 95, 51"
Ashley,Hammond,butleranthony@example.net,"English, History, Math","C, C, A","97, 56, 58"
Mark,Yang,jasonkelly@example.net,"Math, History, English","D, F, A","68, 81, 78"
Wayne,Malone,davidsonalexander@example.com,"English, History, Math","A, D, C","78, 85, 77"
Edward,Shepherd,robertbean@example.net,"History, Math, English","A, F, A","55, 99, 74"
Monica,Levine,william05@example.net,"Math, English, History","F, C, C","100, 66, 83"
Stephen,Ruiz,angela02@example.org,"History, Math, English","A, C, D","98, 87, 87"
Todd,Coleman,landrydavid@example.org,"Math, History, English","F, D, A","61, 65, 97"
Danielle,Walker,barbara85@example.net,"English, Math, History","F, A, D","100, 66, 96"
Sarah,Matthews,stephen48@example.com,"Math, History, English","A, B, D","97, 80, 67"
Tanya,Hamilton,ewelch@example.com,"Math, English, History","A, D, D","77, 96, 69"
Katherine,Ward,alyssa46@example.com,"History, English, Math","C, D, F","80, 66, 89"
Brian,Ortiz,janice48@example.org,"Math, History, English","C, A, A","60, 90, 89"
Derrick,Chapman,curtis83@example.com,"History, English, Math","C, F, A","58, 100, 57"
Taylor,Long,lutzkevin@example.com,"History, Math, English","B, D, B","88, 95, 67"
Lisa,Davis,lauramoore@example.org,"English, History, Math","A, D, B","82, 61, 76"
Jeremy,Pugh,amatthews@example.net,"English, History, Math","B, D, D","75, 92, 53"
Ricky,Evans,hjones@example.net,"Math, History, English","D, C, C","92, 89, 94"
Shirley,Young,sweeneyphillip@example.net,"History, Math, English","F, B, D","56, 70, 89"
Cheryl,Beard,mcox@example.org,"English, Math, History","F, F, B","89, 88, 88"
Carlos,Lopez,walkerdenise@example.com,"History, English, Math","C, C, C","81, 56, 72"
Lance,Molina,sroman@example.com,"Math, English, History","C, B, A","87, 90, 62"
Sarah,Goodman,nicholas46@example.org,"English, History, Math","C, C, D","58, 72, 74"
Brian,Palmer,linda69@example.net,"English, Math, History","A, D, A","68, 66, 74"
Scott,Douglas,cbass@example.net,"English, History, Math","C, A, A","55, 92, 90"
Linda,Brown,jennifer84@example.org,"Math, History, English","B, C, A","65, 75, 67"
Wesley,Andrews,susan28@example.net,"English, Math, History","B, F, C","87, 71, 98"
Kimberly,Keith,dadams@example.com,"English, Math, History","A, B, F","95, 94, 99"
Cory,Mason,tbyrd@example.org,"Math, History, English","B, B, C","87, 73, 59"
Cindy,Porter,oorr@example.net,"English, Math, History","B, C, D","87, 89, 78"
Luis,Dunn,ujackson@example.com,"English, Math, History","B, C, A","99, 88, 74"
Shannon,Elliott,peter83@example.org,"History, English, Math","B, A, B","97, 96, 54"
Abigail,Vargas,guzmansarah@example.com,"History, English, Math","B, B, F","87, 59, 71"
Gary,Hall,vparker@example.org,"Math, History, English","F, F, C","98, 78, 69"
Ricky,Mcclain,jonathanwilkins@example.org,"History, Math, English","C, B, D","55, 54, 95"
Jessica,Richards,brownsara@example.com,"English, Math, History","F, C, F","50, 99, 100"
Kimberly,Ford,wmartinez@example.com,"History, English, Math","A, A, F","98, 72, 93"
Ellen,Jacobs,smithsteven@example.org,"Math, History, English","D, B, D","83, 95, 70"
Tracy,Rogers,bgarcia@example.org,"Math, English, History","B, F, B","92, 88, 83"
Robert,Gutierrez,davidklein@example.net,"History, Math, English","A, D, B","92, 71, 66"
Nicholas,Gregory,ygood@example.org,"History, Math, English","B, F, B","54, 85, 91"
Sean,Price,jacob96@example.com,"History, Math, English","C, B, B","83, 97, 80"
Robert,Lester,hooverchelsea@example.com,"Math, History, English","F, B, D","55, 80, 58"
Carlos,Obrien,okline@example.net,"English, Math, History","F, C, D","79, 86, 98"
Rebecca,Smith,jlewis@example.org,"English, History, Math","C, B, A","84, 58, 85"
Ronald,Rowland,dianastokes@example.org,"Math, English, History","B, B, C","63, 65, 86"
Michael,May,larry33@example.net,"History, English, Math","D, F, D","81, 51, 74"
Noah,Evans,donaldjenkins@example.org,"English, Math, History","B, C, C","68, 70, 76"
Deborah,Obrien,smithlarry@example.org,"Math, History, English","D, C, F","74, 79, 52"
Rebecca,Adams,stevenslindsey@example.org,"English, Math, History","B, A, F","57, 85, 77"
Mark,Jacobs,jcarr@example.net,"English, History, Math","A, A, C","90, 97, 81"
George,Welch,krystal86@example.org,"Math, History, English","C, D, F","78, 72, 83"
Pamela,Cline,stantonwyatt@example.org,"History, English, Math","F, C, A","92, 71, 93"
William,Spencer,bianca34@example.org,"Math, English, History","F, F, D","64, 50, 58"
Rachel,Parsons,alice73@example.org,"Math, History, English","D, F, C","68, 56, 79"
Jonathon,Cooper,jdunn@example.com,"Math, English, History","D, D, B","78, 72, 68"
Cindy,Cook,smithbailey@example.net,"History, Math, English","D, B, A","88, 77, 69"
John,Brown,brenda36@example.net,"English, Math, History","D, B, F","81, 71, 90"
Joseph,Lopez,gregory43@example.net,"English, Math, History","D, C, D","68, 66, 81"
Tony,Miller,jason56@example.org,"History, Math, English","B, B, C","50, 69, 56"
Kimberly,Ramirez,blopez@example.org,"English, History, Math","B, A, A","99, 85, 51"
Samantha,Wilkinson,stewartjennifer@example.org,"History, Math, English","B, B, C","57, 69, 92"
Lisa,Hines,michaelgriffin@example.net,"Math, English, History","D, B, B","85, 69, 53"
Michael,Burns,darryl87@example.net,"Math, English, History","C, D, B","55, 99, 88"
Michael,Bell,chelseywashington@example.net,"Math, English, History","B, F, B","97, 85, 92"
Jennifer,West,thomasdebbie@example.com,"English, History, Math","B, F, A","53, 61, 67"
Anthony,Bishop,wramos@example.org,"English, Math, History","C, B, C","74, 52, 85"
Robert,Harrison,miranda81@example.net,"Math, English, History","A, A, D","91, 88, 55"
Christopher,White,hjones@example.net,"Math, History, English","A, A, C","87, 83, 77"
Susan,Mullins,abarber@example.org,"Math, History, English","B, D, D","56, 60, 75"
Cody,Greene,moorethomas@example.org,"English, History, Math","D, D, B","82, 50, 88"
Katelyn,Ramirez,andrewrichardson@example.com,"English, History, Math","A, F, F","66, 88, 97"
Isabella,Hartman,ericperkins@example.org,"History, English, Math","F, F, F","97, 56, 93"
Joseph,Tucker,karen24@example.org,"Math, History, English","D, C, B","74, 57, 75"
Christopher,Davis,carterangie@example.net,"English, History, Math","C, B, D","73, 63, 51"
Caroline,Washington,rosalesjeremy@example.com,"English, History, Math","A, C, A","81, 77, 80"
Derrick,Gonzalez,jonesangela@example.org,"English, History, Math","D, A, A","92, 89, 71"
Laurie,Moore,james66@example.com,"History, English, Math","C, A, D","88, 87, 95"
Melinda,Cunningham,triciarichardson@example.org,"History, English, Math","A, A, C","85, 95, 62"
Jason,Swanson,tstephenson@example.net,"Math, English, History","D, F, A","93, 72, 55"
Patrick,Smith,moonjason@example.net,"English, History, Math","A, F, F","74, 89, 75"
Douglas,Gonzalez,kristen24@example.com,"Math, History, English","A, F, B","67, 54, 94"
Jessica,Myers,stephenkirby@example.org,"English, History, Math","A, C, A","64, 67, 93"
Ashley,Silva,lesliecobb@example.com,"Math, English, History","D, A, A","87, 85, 71"
Christine,Macdonald,jessica88@example.org,"English, Math, History","F, A, B","74, 61, 64"
Jennifer,Preston,sarahanderson@example.net,"History, Math, English","D, B, C","93, 93, 67"
Gina,Anderson,uaustin@example.org,"History, Math, English","C, F, B","94, 88, 79"
Robert,Graham,jordan33@example.com,"English, History, Math","F, B, B","63, 90, 96"
Ashley,Roth,isaac87@example.net,"Math, History, English","B, F, F","59, 95, 65"
Cody,Holt,nwhite@example.net,"Math, History, English","A, B, C","87, 74, 84"
Brian,Miranda,scottmeadows@example.net,"English, Math, History","D, B, C","63, 64, 85"
Katie,Michael,shawnbolton@example.org,"English, Math, History","A, D, C","52, 53, 53"
Jennifer,Johnson,dconley@example.org,"History, English, Math","C, C, D","62, 91, 73"
Ricky,Hernandez,laurieford@example.org,"Math, English, History","C, B, A","93, 64, 83"
John,Crawford,michaelle@example.net,"English, Math, History","B, C, B","99, 72, 66"
Jessica,Diaz,dominique84@example.com,"English, Math, History","B, D, B","57, 52, 90"
Christopher,Williams,michael60@example.net,"History, English, Math","C, A, C","83, 97, 73"
Christopher,Martin,uhernandez@example.net,"History, English, Math","D, C, A","65, 61, 83"
Jose,Nelson,susan73@example.org,"Math, English, History","D, F, F","86, 94, 74"
Abigail,Spears,davidturner@example.org,"History, Math, English","B, C, B","69, 50, 70"
Ryan,Johnson,eric18@example.org,"Math, History, English","C, F, F","75, 66, 75"
Carrie,Beck,faulknertammy@example.com,"English, Math, History","D, A, B","56, 100, 76"
Emily,Tran,elizabethcole@example.org,"Math, English, History","F, F, A","88, 52, 57"
Misty,Medina,andrewsmichael@example.org,"Math, History, English","F, F, B","89, 89, 93"
Justin,Lawrence,juliehunt@example.org,"English, Math, History","A, C, A","85, 97, 61"
Michael,Morse,kathrynelliott@example.org,"Math, History, English","F, F, F","51, 84, 98"
Lisa,Hernandez,uaguilar@example.org,"History, Math, English","D, D, C","60, 100, 62"
Lauren,Ramos,thomasedwards@example.org,"English, Math, History","C, D, D","54, 88, 67"
Whitney,Smith,michaeljohnson@example.com,"History, Math, English","B, F, A","56, 63, 75"
Rachel,Rodriguez,dsavage@example.com,"Math, English, History","A, B, C","51, 88, 96"
Jessica,Jones,wendywilson@example.org,"History, English, Math","B, D, D","95, 79, 99"
Adam,Mcmillan,kirkboyd@example.net,"History, English, Math","C, F, F","81, 61, 52"
Bradley,Simmons,bbowers@example.com,"History, English, Math","D, A, D","96, 80, 68"
Michelle,Campbell,flowersisabella@example.net,"English, History, Math","A, F, F","67, 64, 76"
Roger,Williams,fponce@example.com,"English, History, Math","B, D, F","84, 61, 86"
Rebecca,Rodriguez,osawyer@example.org,"History, Math, English","F, D, D","65, 51, 100"
Taylor,Lee,acampbell@example.net,"English, Math, History","D, B, A","73, 94, 64"
April,Sweeney,coxlori@example.net,"Math, English, History","F, D, C","70, 58, 68"
Scott,Chapman,dlittle@example.com,"History, English, Math","D, B, F","54, 84, 80"
Angela,Walsh,smithlinda@example.org,"English, History, Math","C, C, C","57, 68, 86"
William,Day,kristina26@example.net,"English, Math, History","D, B, D","87, 60, 66"
Michael,Spencer,tannerjenkins@example.net,"Math, History, English","A, A, A","64, 57, 100"
Joseph,Olson,reidgeorge@example.net,"Math, English, History","B, B, B","78, 100, 64"
Samuel,Ewing,kevinedwards@example.net,"Math, History, English","F, D, A","65, 53, 83"
Katie,Olsen,angela76@example.net,"History, English, Math","C, B, D","87, 65, 86"
Robert,Hobbs,lisa70@example.org,"English, Math, History","C, B, A","93, 62, 91"
Nicole,Blake,uvance@example.net,"English, History, Math","B, D, B","94, 57, 51"
Mark,Campbell,nathan35@example.org,"History, Math, English","C, A, B","59, 92, 76"
Ellen,Goodwin,ericksonelizabeth@example.net,"English, Math, History","B, A, B","77, 66, 80"
Brian,Ramos,hardyrobert@example.com,"English, Math, History","B, A, F","65, 55, 52"
Charles,Gutierrez,aaronlin@example.com,"History, Math, English","B, C, F","77, 71, 74"
Timothy,Goodwin,umitchell@example.org,"History, English, Math","A, D, B","61, 50, 58"
Robert,Bruce,zcaldwell@example.org,"Math, English, History","D, D, F","89, 88, 85"
Travis,Smith,michellemoran@example.com,"English, Math, History","D, C, D","82, 75, 95"
Patricia,Copeland,prodriguez@example.org,"English, History, Math","A, D, A","86, 67, 71"
Karen,Carter,smithmichael@example.org,"English, History, Math","C, F, D","61, 55, 59"
Kevin,Winters,schwartzjames@example.org,"English, History, Math","F, C, B","64, 57, 67"
Melinda,Mcintyre,pburton@example.net,"Math, English, History","A, B, B","99, 93, 67"
Diane,Oconnor,schneiderbrandon@example.org,"History, Math, English","D, A, A","64, 55, 100"
Linda,Gonzales,aburnett@example.org,"History, Math, English","F, D, D","71, 95, 73"
Tyler,Hahn,maynardrhonda@example.org,"English, Math, History","F, B, D","95, 67, 77"
Joe,Flowers,jessica04@example.org,"Math, English, History","B, C, C","59, 70, 91"
James,Norton,harry85@example.com,"Math, English, History","C, C, F","68, 97, 91"
Danielle,Gates,edwardslatoya@example.com,"History, English, Math","D, B, D","53, 82, 99"
Amanda,Walker,seanhernandez@example.org,"English, History, Math","A, C, F","97, 63, 87"
Alisha,Gilbert,teresalewis@example.net,"Math, History, English","C, B, A","95, 99, 51"
Kurt,King,handerson@example.net,"English, Math, History","D, F, B","50, 78, 87"
Sharon,Rowland,bryce69@example.com,"English, Math, History","C, A, A","98, 62, 82"
Erik,Harris,jennifer05@example.org,"English, Math, History","D, B, D","79, 93, 65"
Dawn,Stein,irandall@example.net,"Math, English, History","C, A, A","56, 72, 52"
Cindy,Miller,rayers@example.com,"Math, English, History","B, B, D","88, 81, 71"
Julie,Thomas,trevor43@example.com,"English, Math, History","A, F, C","88, 72, 54"
Jennifer,Williams,lindseylopez@example.net,"History, Math, English","B, D, B","57, 71, 70"
Anthony,Perry,grimesfrances@example.com,"Math, History, English","A, F, D","99, 65, 70"
Erin,Hill,bushashley@example.org,"Math, English, History","B, C, A","76, 61, 99"
John,Woods,jeremy82@example.com,"History, English, Math","C, F, C","72, 95, 85"
Pamela,Boyd,angelarasmussen@example.org,"History, English, Math","D, A, A","73, 75, 61"
Norman,Perez,combstraci@example.com,"English, History, Math","A, B, D","89, 86, 96"
Kevin,Boyd,hunterleslie@example.com,"History, English, Math","A, A, C","72, 90, 100"
Kevin,Obrien,hebertryan@example.org,"English, History, Math","A, D, A","82, 97, 96"
Matthew,Jackson,destinyaguilar@example.com,"Math, History, English","A, C, A","58, 92, 69"
Monica,Taylor,rhondastone@example.com,"History, English, Math","D, B, D","70, 57, 59"
Alexander,Olson,dana29@example.org,"English, History, Math","A, F, C","100, 77, 57"
Robert,Briggs,lisacarpenter@example.com,"Math, English, History","B, D, B","64, 72, 92"
Robin,Cruz,glenn47@example.net,"History, English, Math","A, D, D","51, 99, 67"
Patricia,Hampton,michelle08@example.net,"Math, History, English","D, C, C","72, 55, 65"
Jaime,Romero,qwaters@example.com,"History, English, Math","B, A, A","95, 89, 98"
Charles,Morrow,ofernandez@example.com,"Math, English, History","B, A, D","93, 55, 90"
Thomas,Chen,fwalton@example.org,"History, English, Math","F, B, A","55, 91, 67"
Lisa,Johnson,lauralevy@example.net,"History, English, Math","B, F, D","65, 90, 90"
Robert,Hess,rodriguezjean@example.com,"Math, History, English","B, F, F","80, 51, 77"
Robert,Garcia,andrew76@example.net,"Math, English, History","B, F, A","66, 51, 83"
Courtney,Thomas,robertsonmark@example.net,"Math, English, History","B, B, A","67, 89, 95"
Traci,Moore,irichardson@example.org,"Math, English, History","A, A, A","87, 82, 97"
Amanda,Mcclure,castillomarcus@example.net,"Math, History, English","D, F, A","74, 57, 51"
Joseph,Lopez,roberta75@example.net,"Math, History, English","C, D, B","98, 61, 77"
Richard,Winters,susan60@example.org,"History, English, Math","A, C, A","77, 95, 59"
Anna,Kelly,villegasisaac@example.net,"English, Math, History","B, B, F","52, 56, 86"
Jacqueline,Ramirez,janice94@example.com,"Math, English, History","D, B, F","86, 77, 96"
Gregory,Molina,sarasmith@example.net,"History, English, Math","D, D, D","52, 82, 92"
John,Dominguez,hjones@example.net,"Math, English, History","D, C, A","54, 94, 83"
Jennifer,Erickson,melissaalvarado@example.net,"English, Math, History","C, A, C","62, 94, 61"
Kimberly,Carter,ruizsusan@example.org,"Math, English, History","D, D, F","73, 72, 53"
Alexander,Cameron,jason69@example.net,"English, Math, History","C, C, B","59, 62, 76"
Charles,Edwards,rodriguezmelissa@example.org,"English, Math, History","A, F, C","68, 51, 78"
Edward,Ford,danielfox@example.org,"History, English, Math","F, D, B","76, 64, 77"
Mark,Cruz,jclark@example.com,"Math, History, English","A, C, F","85, 54, 97"
Donna,Hays,richardpadilla@example.net,"Math, English, History","D, C, A","81, 72, 51"
Antonio,Hernandez,aaroncardenas@example.net,"History, Math, English","C, F, B","87, 86, 85"
Lindsay,Lopez,wisemichael@example.com,"History, English, Math","D, C, F","85, 74, 68"
Dawn,Walker,kimberlymcgee@example.org,"History, Math, English","D, B, C","64, 84, 59"
Anna,Vaughn,johnstonrobert@example.net,"English, Math, History","A, C, C","96, 78, 53"
Andrew,Valdez,martinezmorgan@example.org,"English, Math, History","B, C, F","67, 89, 97"
Brittany,Marquez,rodrigueztara@example.com,"History, Math, English","C, B, A","96, 90, 100"
Claudia,Barnes,wongkayla@example.net,"History, Math, English","F, B, F","88, 61, 68"
Gerald,Barrett,jasongilbert@example.org,"English, Math, History","C, D, C","69, 83, 62"
Joann,Cook,dfrederick@example.com,"English, History, Math","D, D, A","76, 92, 81"
Sharon,Mccoy,lindarosales@example.com,"English, History, Math","B, B, B","81, 77, 53"
Melanie,Rojas,mark95@example.org,"English, Math, History","F, A, A","91, 100, 76"
Kent,Carson,matthewrobertson@example.net,"Math, History, English","A, B, A","54, 63, 63"
Marie,Mooney,james10@example.org,"Math, History, English","C, B, C","81, 62, 79"
Sherry,Coleman,katherinezuniga@example.com,"English, History, Math","D, C, C","100, 68, 64"
Kyle,Thomas,andre57@example.org,"English, History, Math","F, F, F","98, 53, 75"
Janice,Hamilton,nelsonamy@example.net,"History, English, Math","B, A, C","64, 59, 95"
Hailey,Barnes,rnelson@example.org,"Math, History, English","B, C, C","81, 94, 89"
Allison,Saunders,taragill@example.net,"Math, History, English","A, B, C","59, 60, 76"
Michael,Mills,staceyshaffer@example.com,"History, English, Math","A, B, C","63, 71, 72"
Devon,Beard,benjaminruiz@example.org,"History, English, Math","F, A, A","93, 50, 55"
Matthew,Boone,oscarwarner@example.com,"History, Math, English","C, C, F","92, 67, 94"
Ronald,Smith,robinsonanita@example.org,"History, English, Math","D, F, C","54, 80, 100"
Cynthia,May,sdavenport@example.org,"Math, English, History","C, B, A","78, 90, 96"
Tony,Lopez,bradfordvalerie@example.org,"History, English, Math","A, B, D","52, 100, 66"
Benjamin,Mckee,knelson@example.com,"Math, English, History","B, D, A","88, 79, 51"
Ryan,Sutton,qbeck@example.org,"English, History, Math","C, A, F","63, 88, 99"
Kenneth,Williams,hcantrell@example.com,"History, Math, English","B, A, C","54, 64, 57"
Megan,Guerrero,bushtara@example.com,"Math, English, History","F, A, A","68, 67, 100"
Hunter,Williams,cathy91@example.net,"English, History, Math","F, A, A","60, 91, 96"
Justin,Glass,atkinsonjonathan@example.org,"English, History, Math","C, B, A","59, 80, 84"
Lee,Gomez,carolyn74@example.net,"English, Math, History","D, D, C","54, 90, 82"
Mark,Hammond,stanleyhailey@example.org,"Math, English, History","D, B, D","54, 75, 71"
Anna,Greene,david36@example.com,"English, History, Math","B, C, D","63, 63, 85"
William,Johnson,phillipsvernon@example.net,"Math, English, History","D, B, D","84, 83, 79"
Diana,Ramirez,fking@example.com,"Math, History, English","D, C, F","88, 89, 93"
Daryl,Black,haasrobin@example.net,"History, Math, English","A, D, B","59, 56, 74"
Jennifer,Harris,bchavez@example.net,"Math, English, History","F, D, A","79, 66, 84"
Rebecca,Ortiz,kyle89@example.net,"Math, English, History","B, D, C","90, 85, 91"
Jessica,Weber,andrea96@example.org,"English, Math, History","F, A, B","76, 66, 83"
Richard,Ware,fernandezdavid@example.net,"English, History, Math","C, D, C","79, 79, 54"
Ryan,Sandoval,nicholasarnold@example.org,"English, History, Math","A, D, C","60, 83, 54"
Thomas,Miller,charles35@example.net,"Math, History, English","C, F, C","83, 97, 77"
Sylvia,Smith,linaustin@example.net,"English, History, Math","C, C, C","71, 95, 62"
Jonathan,Wells,gilbertrobert@example.com,"English, Math, History","A, C, A","76, 67, 82"
Christine,Walter,qyates@example.net,"History, Math, English","A, D, B","55, 79, 82"
Kathryn,Jensen,sharpamy@example.net,"History, Math, English","B, C, D","67, 91, 78"
Cynthia,Hobbs,marilynduke@example.com,"English, History, Math","F, C, D","72, 68, 56"
Martha,Thomas,chad71@example.org,"Math, History, English","B, B, F","81, 68, 68"
Michael,Thompson,jeffery60@example.net,"English, Math, History","A, F, A","64, 76, 92"
Joel,Sullivan,sheena15@example.org,"History, English, Math","A, C, D","95, 64, 68"
Christopher,Hancock,cooperrebecca@example.net,"Math, History, English","D, B, D","85, 92, 85"
Yvonne,Lang,charlottegordon@example.com,"History, English, Math","C, B, D","76, 82, 83"
Robert,Perez,ybenson@example.org,"Math, English, History","D, A, A","57, 51, 69"
Thomas,Sims,boydmichael@example.org,"Math, History, English","B, D, D","96, 71, 85"
Jose,Mckenzie,matthew83@example.com,"Math, History, English","B, A, C","51, 80, 97"
Lisa,Anderson,leahwagner@example.net,"Math, History, English","D, A, C","63, 53, 50"
Michael,Anderson,marquezjohn@example.org,"English, History, Math","A, A, A","55, 56, 68"
Jeffrey,Duran,xward@example.org,"Math, History, English","F, B, B","81, 83, 74"
Travis,Lang,pcuevas@example.org,"History, English, Math","F, C, F","55, 57, 79"
Kendra,Jones,hudsoncalvin@example.net,"English, History, Math","F, D, A","95, 97, 71"
Nicole,Harvey,lkennedy@example.net,"Math, History, English","C, C, B","79, 72, 94"
David,Taylor,rowens@example.org,"History, Math, English","D, F, B","64, 96, 86"
Jessica,Torres,istanley@example.com,"Math, English, History","F, D, F","90, 73, 67"
Christopher,Frazier,nsmith@example.org,"English, Math, History","D, F, D","54, 57, 69"
Tyler,Baldwin,rosscaitlin@example.com,"Math, English, History","F, C, D","62, 71, 92"
Catherine,Chavez,toniware@example.org,"History, Math, English","F, B, C","61, 64, 81"
James,Woods,michelle63@example.net,"History, English, Math","C, C, D","63, 68, 75"
Crystal,Adams,xscott@example.com,"Math, History, English","B, C, C","82, 72, 98"
Jacqueline,Ramos,brownstephanie@example.org,"Math, History, English","F, C, B","75, 80, 97"
John,Douglas,richardmoore@example.com,"English, History, Math","B, D, D","70, 74, 64"
Jeffrey,Smith,michelle46@example.org,"History, English, Math","C, B, F","62, 70, 77"
Raymond,Rosales,jonathan39@example.com,"English, History, Math","F, A, F","90, 98, 80"
Craig,Lewis,raymond83@example.com,"English, Math, History","B, A, C","50, 58, 70"
Jessica,Brown,kimberlymiller@example.com,"History, Math, English","D, F, C","52, 65, 71"
Thomas,Braun,aprilsmith@example.org,"English, Math, History","C, A, B","87, 76, 85"
Christy,Dixon,ymcdonald@example.com,"Math, History, English","F, A, B","57, 59, 60"
Andrea,Mendoza,rachelfuentes@example.com,"Math, History, English","C, C, A","68, 65, 82"
Pedro,Morgan,perezgabriela@example.org,"History, English, Math","C, D, C","84, 68, 51"
Caitlin,Huang,robertsjason@example.com,"English, History, Math","B, F, A","51, 98, 53"
Joanna,Bird,wkerr@example.net,"English, Math, History","F, C, A","71, 50, 74"
Julia,Russell,osawyer@example.org,"Math, History, English","D, D, F","65, 73, 51"
Kelly,Smith,audrey29@example.org,"English, History, Math","C, A, C","63, 81, 69"
Michelle,Vaughn,erik14@example.net,"Math, History, English","D, B, F","95, 83, 71"
Scott,Cobb,xmatthews@example.com,"Math, History, English","F, B, F","90, 70, 93"
Christopher,Caldwell,edward29@example.org,"Math, English, History","C, F, D","50, 93, 58"
Kristin,Thomas,piercewilliam@example.com,"Math, English, History","B, A, A","59, 65, 91"
Susan,Gordon,sheila59@example.com,"English, Math, History","F, A, C","67, 74, 99"
Erin,Hall,yorkcarolyn@example.net,"Math, History, English","C, A, F","71, 68, 81"
Kristi,Martin,sarcher@example.net,"Math, History, English","A, D, C","99, 52, 55"
Alicia,Cole,karen47@example.com,"Math, English, History","A, A, F","87, 67, 88"
Lisa,Aguirre,pbarton@example.net,"English, History, Math","A, F, A","54, 57, 93"
Monique,Anderson,antonio78@example.org,"English, History, Math","B, F, C","71, 73, 77"
Brandy,Butler,pooledevon@example.com,"History, English, Math","F, A, C","85, 86, 52"
Jacob,White,hayleycampos@example.net,"History, English, Math","D, B, D","90, 93, 79"
Natalie,Cooper,jstewart@example.net,"Math, English, History","F, F, A","89, 67, 87"
Sean,Smith,gentrydebra@example.com,"Math, History, English","D, A, C","91, 65, 55"
Nicole,Santana,benderjohn@example.org,"Math, English, History","C, B, F","64, 72, 70"
Phillip,Ramirez,novakjohn@example.org,"History, Math, English","D, A, D","82, 84, 94"
Richard,Park,casemaria@example.com,"Math, History, English","A, F, A","62, 63, 75"
Holly,Rivera,melissa41@example.org,"History, English, Math","F, D, C","65, 78, 54"
Christopher,Banks,gjones@example.com,"History, English, Math","F, B, B","90, 62, 86"
Amber,Keller,sylvia59@example.net,"English, History, Math","D, D, B","63, 54, 83"
Rhonda,Hill,thomas81@example.com,"History, Math, English","D, D, D","83, 55, 52"
Molly,Alvarado,kellyrush@example.org,"History, English, Math","C, C, A","77, 85, 91"
Jacob,Wilson,erik25@example.com,"Math, English, History","B, D, D","59, 94, 76"
Amanda,Vance,tiffany08@example.com,"History, Math, English","F, D, D","58, 61, 61"
Victoria,Cunningham,bobbygibson@example.com,"Math, History, English","C, C, B","93, 62, 78"
William,Wilson,lhuerta@example.org,"English, History, Math","F, C, C","52, 50, 78"
Jeremy,Jones,anthonywise@example.net,"English, Math, History","D, B, F","94, 90, 54"
Jack,Lynch,michaelking@example.net,"English, History, Math","B, B, A","98, 68, 90"
Kristina,Sanchez,qblake@example.org,"Math, History, English","C, F, B","93, 96, 57"
Jennifer,Fox,gosborne@example.org,"English, History, Math","B, D, B","82, 64, 95"
Linda,Wagner,dmunoz@example.net,"Math, English, History","A, F, B","55, 77, 98"
Rhonda,Daniel,hilldevin@example.net,"Math, History, English","A, F, F","74, 74, 71"
Jesus,Krause,marshallmichele@example.org,"English, Math, History","C, A, F","95, 97, 78"
George,Sanchez,mosesvictoria@example.com,"History, English, Math","B, A, C","62, 96, 59"
Adam,Benton,oanderson@example.org,"English, History, Math","A, C, F","66, 78, 89"
Karen,Lopez,josephwade@example.net,"History, English, Math","B, A, B","100, 56, 99"
Brandon,Graves,andre54@example.org,"English, History, Math","D, D, A","98, 72, 84"
Katrina,Villarreal,frederickknight@example.org,"English, History, Math","F, D, B","55, 99, 50"
Elizabeth,Kelley,walkerjasmin@example.org,"English, Math, History","D, A, C","79, 87, 92"
Johnny,Jennings,millersheila@example.com,"History, English, Math","B, F, F","94, 87, 53"
Ruben,Smith,vscott@example.net,"History, English, Math","D, C, F","93, 50, 80"
Judy,Williams,juan17@example.org,"English, History, Math","A, A, D","84, 75, 91"
Wesley,Reese,stephengreen@example.org,"Math, English, History","D, B, F","55, 57, 77"
Marie,Delacruz,george92@example.net,"English, History, Math","F, C, C","99, 62, 58"
Sharon,Hill,john84@example.com,"Math, History, English","A, F, F","91, 90, 72"
Wendy,Stokes,wagnerrhonda@example.com,"Math, English, History","D, B, D","67, 84, 79"
David,Evans,pruittvictoria@example.org,"History, Math, English","B, A, F","100, 93, 65"
Katie,Murray,velezmichael@example.net,"English, Math, History","F, C, D","86, 50, 67"
Rebecca,Wilson,brendaroberts@example.net,"History, Math, English","C, D, F","87, 68, 83"
Andrew,Stanton,jasonirwin@example.net,"History, English, Math","B, A, A","99, 59, 95"
Tina,Todd,debra73@example.org,"History, Math, English","A, A, C","82, 74, 84"
Randy,Oliver,phunter@example.org,"English, History, Math","B, A, F","98, 88, 63"
Kevin,Hunt,molson@example.org,"Math, English, History","B, B, F","87, 84, 72"
Laura,Leon,evansbrian@example.com,"History, Math, English","A, A, A","61, 55, 70"
Diane,Welch,douglashenderson@example.org,"Math, English, History","B, D, D","85, 73, 93"
Olivia,Kelley,thomaspowell@example.org,"English, Math, History","A, D, C","78, 72, 84"
Lisa,Lawrence,ehenry@example.org,"History, Math, English","A, C, B","72, 53, 50"
Paula,Lane,omosley@example.net,"English, History, Math","D, A, A","78, 94, 98"
Justin,Boyer,erica71@example.net,"English, History, Math","B, C, C","77, 65, 83"
Carmen,Robles,romanjames@example.org,"English, History, Math","C, A, C","78, 63, 93"
Bridget,Thomas,james37@example.org,"Math, English, History","A, F, F","91, 99, 63"
Tina,Morales,elizabethsantos@example.com,"History, Math, English","B, B, A","95, 58, 51"
Jason,Dunn,diazjames@example.org,"English, Math, History","D, A, A","65, 87, 58"
Jennifer,Burns,ericadams@example.com,"History, English, Math","F, B, F","65, 86, 90"
Tiffany,Cooper,sabrinaperry@example.com,"Math, English, History","F, D, C","81, 72, 64"
Lori,Yates,brandimiller@example.org,"Math, English, History","A, B, F","77, 59, 69"
Nicole,Stark,camachokenneth@example.net,"English, Math, History","F, F, F","86, 80, 98"
Ashley,Mitchell,alicia06@example.net,"Math, English, History","B, A, C","65, 88, 58"
Lisa,Ford,teresablackburn@example.com,"Math, History, English","C, D, A","69, 68, 50"
Karen,Calderon,rogersjessica@example.com,"English, History, Math","D, B, A","69, 80, 73"
Joshua,Villanueva,popenichole@example.net,"Math, English, History","A, A, C","56, 69, 56"
Jacqueline,Clark,xlin@example.net,"Math, English, History","F, F, C","93, 58, 63"
Valerie,Villegas,ghiggins@example.net,"Math, English, History","D, B, F","55, 52, 77"
Anthony,Moody,estradajerry@example.org,"History, English, Math","A, A, C","59, 91, 60"
Daisy,Dixon,shannon95@example.net,"English, Math, History","C, D, D","67, 100, 80"
Kaitlyn,Ferguson,xbrock@example.org,"History, Math, English","C, D, F","79, 52, 85"
Amanda,Gonzalez,yarroyo@example.net,"Math, History, English","A, B, A","85, 94, 80"
Jose,Johnson,amandasoto@example.org,"Math, English, History","B, C, A","69, 50, 70"
Maria,Odom,kylegarrison@example.net,"History, Math, English","B, B, C","63, 65, 84"
Amanda,West,arroyodavid@example.org,"English, Math, History","C, C, D","68, 80, 60"
Melissa,Foster,brian10@example.org,"History, Math, English","F, A, C","61, 60, 84"
Dawn,Wolf,eric58@example.net,"Math, History, English","A, C, F","73, 53, 80"
Dean,Santos,tgreene@example.org,"English, History, Math","F, C, F","86, 55, 68"
Shannon,Lopez,jessica63@example.net,"English, Math, History","B, A, A","64, 81, 60"
Matthew,Jordan,sandersmichelle@example.net,"English, Math, History","D, C, D","91, 76, 94"
Ryan,Alvarado,justin40@example.net,"Math, English, History","D, A, C","51, 91, 83"
Henry,Lopez,michelle15@example.net,"Math, English, History","D, F, F","61, 79, 96"
Anthony,Williams,hsmith@example.net,"English, Math, History","A, A, D","87, 66, 63"
Shane,Chandler,dhenry@example.org,"English, History, Math","C, F, A","74, 65, 57"
Gary,Jackson,imendez@example.org,"English, Math, History","B, C, F","83, 87, 96"
Eric,Graves,dodsonrandy@example.net,"Math, History, English","A, C, C","63, 100, 87"
Rebecca,Green,smithelizabeth@example.org,"Math, History, English","B, B, C","88, 53, 70"
Jessica,Miller,sheribarber@example.com,"Math, History, English","D, B, D","78, 85, 92"
Natalie,Molina,crystal87@example.com,"English, Math, History","A, A, A","93, 94, 60"
Michele,Shields,petercoleman@example.com,"History, Math, English","D, D, A","91, 92, 80"
Ashlee,Sweeney,daniel61@example.com,"History, Math, English","A, B, A","81, 94, 90"
Shannon,Simmons,opowers@example.com,"History, English, Math","C, A, A","80, 92, 75"
Eric,Clark,gparks@example.com,"English, History, Math","F, A, A","82, 58, 53"
Joseph,Parker,geraldjohnson@example.com,"English, History, Math","F, C, C","93, 91, 99"
Natasha,Tapia,pnichols@example.net,"History, English, Math","D, D, C","100, 60, 86"
David,Jefferson,maria14@example.com,"Math, History, English","B, B, D","55, 88, 60"
Alicia,Hansen,dgardner@example.com,"English, Math, History","C, D, F","70, 98, 71"
Michael,Wallace,ywilson@example.org,"Math, History, English","F, B, D","75, 54, 85"
Sergio,Miller,bethreid@example.org,"English, Math, History","B, B, B","51, 53, 81"
Steven,Cohen,joelhiggins@example.com,"English, Math, History","F, B, F","82, 60, 82"
Desiree,Reynolds,kristin82@example.org,"Math, English, History","C, C, C","79, 71, 84"
Allen,Gonzales,amartin@example.com,"English, Math, History","D, D, C","59, 62, 100"
Jean,Kramer,andersonmonique@example.com,"English, Math, History","A, F, F","97, 67, 90"
Luis,Park,megan25@example.net,"Math, History, English","F, B, D","79, 91, 55"
Gary,Kirby,carlos22@example.com,"English, History, Math","B, D, A","54, 87, 61"
Daniel,Scott,vgonzalez@example.org,"English, History, Math","D, B, D","83, 79, 88"
Michael,Evans,ronald42@example.org,"English, History, Math","A, D, D","88, 50, 92"
Christopher,Owens,madelineburns@example.net,"Math, English, History","C, A, B","58, 100, 76"
Brian,Stephens,james68@example.com,"History, English, Math","F, D, A","91, 76, 68"
Kelli,Crawford,joshuabennett@example.com,"History, Math, English","A, B, D","70, 84, 55"
Michelle,Mays,joseph33@example.com,"English, History, Math","B, F, B","92, 92, 75"
Craig,Moore,xriley@example.net,"History, English, Math","A, D, A","87, 72, 79"
Laura,Mathews,mariohill@example.net,"Math, English, History","F, D, A","86, 65, 53"
Brenda,Eaton,ashleyyoung@example.com,"English, History, Math","D, B, F","89, 71, 85"
Joshua,Hunter,masondebra@example.com,"English, History, Math","D, F, B","68, 97, 81"
Nancy,Baker,howardbrianna@example.org,"Math, English, History","B, D, B","50, 71, 58"
Lindsay,Lewis,chrisbell@example.com,"History, English, Math","A, F, A","96, 63, 66"
Melissa,Porter,guerrerosean@example.org,"English, Math, History","D, D, F","94, 53, 98"
Michael,Beasley,timothycooper@example.org,"Math, History, English","C, F, A","82, 86, 66"
Ronald,Moore,brianhinton@example.com,"History, English, Math","B, D, C","68, 53, 59"
Steven,Hernandez,douglasgibson@example.org,"History, Math, English","B, F, D","76, 87, 60"
Janet,Gonzalez,edwardrichards@example.net,"English, History, Math","D, C, A","72, 57, 61"
Alison,Baird,brittany69@example.org,"Math, English, History","F, A, F","89, 75, 73"
Christopher,Moyer,stephaniecummings@example.com,"Math, History, English","C, C, A","63, 80, 96"
Charles,Maldonado,harrisonmonique@example.com,"English, Math, History","C, B, A","80, 98, 99"
Kevin,Miller,mjohnson@example.net,"History, Math, English","A, A, B","80, 74, 73"
Heidi,Khan,nsexton@example.net,"Math, English, History","D, F, F","73, 69, 88"
Sonia,Hess,badkins@example.org,"History, English, Math","F, D, B","94, 76, 72"
Kelly,Rogers,gdouglas@example.org,"English, History, Math","F, C, A","93, 69, 94"
Bryce,Perry,shawjames@example.com,"Math, History, English","F, A, D","79, 60, 87"
Justin,Hoffman,ushort@example.com,"Math, History, English","A, A, F","78, 59, 80"
Rebecca,Gonzales,jonathan24@example.org,"History, Math, English","C, A, F","68, 69, 98"
Michael,Vaughan,heathermiller@example.org,"Math, History, English","C, D, B","79, 74, 89"
Jill,Brown,rholmes@example.com,"History, English, Math","A, F, B","88, 93, 89"
Adrienne,Sherman,holdenmichael@example.org,"Math, English, History","D, F, C","88, 85, 54"
Jason,Melton,flynnshannon@example.net,"English, History, Math","C, A, A","95, 62, 86"
Judith,Williams,zrhodes@example.net,"Math, English, History","C, D, D","80, 86, 68"
Alejandra,Anderson,rbrooks@example.com,"History, English, Math","B, B, C","86, 90, 70"
Christina,Sawyer,edwardtate@example.org,"Math, English, History","B, B, C","65, 55, 51"
Andrea,Mckenzie,cpadilla@example.org,"Math, History, English","B, A, B","91, 67, 73"
Edward,Orozco,mooresusan@example.net,"History, Math, English","B, B, D","86, 74, 79"
Christina,Bradley,rdavis@example.com,"Math, English, History","A, D, D","60, 59, 66"
Paula,Robinson,kmurphy@example.org,"Math, History, English","D, C, C","98, 66, 53"
Cynthia,Hurst,greenmaria@example.org,"Math, English, History","B, F, A","79, 57, 70"
Robert,Diaz,kurtwatkins@example.net,"English, Math, History","B, A, B","75, 77, 79"
Ann,Thomas,richardvazquez@example.net,"Math, History, English","C, B, C","94, 78, 61"
Elizabeth,Lee,cameron61@example.org,"Math, History, English","D, B, A","66, 80, 99"
Lindsay,Johnson,heidi02@example.com,"History, English, Math","D, F, B","96, 66, 56"
Tina,Summers,tevans@example.net,"Math, English, History","D, C, C","96, 69, 73"
Aaron,Glenn,tclark@example.com,"Math, History, English","F, D, B","79, 83, 55"
Joshua,Patel,gallegoszachary@example.net,"English, Math, History","F, F, F","82, 85, 97"
Erin,Weber,anthony07@example.org,"History, Math, English","F, F, B","50, 90, 84"
William,Rosales,ubrown@example.org,"English, History, Math","A, D, B","51, 76, 78"
Kayla,Carr,holtnicholas@example.net,"History, English, Math","B, A, F","52, 57, 55"
Nicole,Lopez,tiffanyreyes@example.org,"History, Math, English","F, F, D","54, 74, 80"
Justin,Reed,matthewwilliams@example.net,"Math, History, English","A, A, D","99, 66, 94"
Elizabeth,Peters,william49@example.net,"Math, History, English","D, A, F","68, 90, 91"
Chase,Carroll,millerphillip@example.com,"English, Math, History","F, B, F","67, 62, 63"
Kim,Hickman,paulmontgomery@example.com,"History, English, Math","F, D, B","67, 57, 83"
Cameron,Carter,gsmall@example.org,"Math, English, History","B, C, D","75, 93, 77"
Joyce,Woodard,tmitchell@example.net,"English, History, Math","C, F, A","62, 60, 76"
Karen,Garrett,lisa24@example.net,"History, English, Math","A, C, F","54, 53, 88"
Samantha,Rodriguez,mariamarshall@example.net,"History, English, Math","B, D, F","60, 77, 81"
Sue,Hernandez,xfigueroa@example.net,"Math, History, English","B, D, F","72, 58, 85"
Jordan,Zamora,cardenasjessica@example.net,"English, History, Math","F, C, A","93, 80, 93"
James,Gill,masonlaura@example.net,"History, Math, English","F, C, B","100, 52, 100"
Brandon,Arnold,jacquelinesmith@example.com,"Math, History, English","A, B, B","67, 54, 60"
Bryan,Fuller,zdelgado@example.net,"Math, English, History","B, F, D","75, 53, 97"
Manuel,Tucker,paul18@example.net,"History, Math, English","D, C, C","64, 60, 97"
Jeffrey,Porter,combsmichelle@example.org,"English, History, Math","B, B, A","63, 91, 94"
Jean,White,sarah09@example.org,"English, History, Math","C, F, D","74, 56, 66"
Ashley,Warren,lryan@example.org,"Math, English, History","A, A, D","85, 95, 93"
Rhonda,Ashley,dwilson@example.org,"History, Math, English","B, D, C","82, 92, 71"
Lance,Simmons,michaeldelgado@example.net,"History, Math, English","D, C, F","74, 58, 99"
Samantha,Smith,wyattrobert@example.net,"English, Math, History","A, B, B","69, 92, 96"
Kelsey,West,jakewatkins@example.com,"Math, English, History","C, B, D","95, 67, 68"
Kimberly,Phillips,donaldmyers@example.com,"History, English, Math","C, C, D","60, 50, 62"
Daniel,Allen,jbrooks@example.net,"English, Math, History","C, F, B","64, 96, 98"
Anna,Obrien,crystalriley@example.net,"History, English, Math","A, A, B","99, 74, 90"
Sandra,Castaneda,xbailey@example.org,"Math, History, English","D, D, F","65, 83, 63"
Jennifer,Crawford,stevenpotts@example.net,"English, History, Math","B, D, C","91, 57, 54"
Heather,Valentine,karen74@example.com,"Math, History, English","A, D, C","81, 82, 78"
Ashley,Price,allison65@example.net,"History, English, Math","C, C, F","55, 92, 82"
Robert,Gordon,tross@example.net,"Math, English, History","A, D, F","87, 83, 80"
Kyle,Hudson,riveranicole@example.net,"History, English, Math","A, A, F","55, 62, 82"
Jennifer,Horton,markperez@example.net,"English, Math, History","C, B, B","71, 72, 99"
Michael,Hensley,johngray@example.org,"History, Math, English","B, D, B","98, 73, 94"
Philip,Edwards,brian57@example.net,"English, History, Math","A, A, F","83, 54, 50"
Brooke,Cook,deborahewing@example.net,"History, English, Math","B, F, B","83, 61, 79"
John,Perez,eddiebailey@example.org,"Math, English, History","F, D, F","60, 97, 51"
Elizabeth,Brown,aaronmueller@example.org,"English, History, Math","D, C, B","50, 80, 71"
Jessica,Todd,dawnstevenson@example.com,"Math, History, English","D, B, F","82, 96, 100"
Megan,Miller,shane40@example.org,"English, History, Math","A, A, F","87, 83, 59"
Shelby,Arellano,gregory99@example.net,"Math, History, English","D, A, D","71, 70, 95"
Brandon,Shepard,scott04@example.net,"History, Math, English","C, C, B","64, 57, 59"
Teresa,Powell,jeremyclark@example.net,"History, English, Math","B, F, B","59, 79, 55"
Daniel,Ware,rburnett@example.com,"Math, History, English","D, F, B","70, 70, 87"
Jessica,Brown,jennifer22@example.org,"History, Math, English","A, D, A","54, 61, 59"
John,Morgan,jeffreyperez@example.com,"History, Math, English","B, D, F","56, 80, 98"
Kevin,Johnson,morgansteven@example.net,"English, History, Math","D, F, D","61, 72, 65"
Jackson,Marsh,charles08@example.com,"Math, History, English","F, C, F","81, 51, 70"
Zachary,Rodriguez,elizabeth75@example.org,"Math, English, History","A, C, D","98, 99, 73"
Rebecca,Rodriguez,hahnjacqueline@example.net,"Math, History, English","B, A, B","66, 60, 64"
Corey,Walker,jennifer84@example.com,"Math, English, History","D, D, D","64, 83, 55"
Melissa,Love,cheryl39@example.com,"English, Math, History","D, C, B","90, 87, 78"
Cynthia,Baker,paynebrooke@example.net,"Math, English, History","B, C, A","89, 78, 68"
Anthony,Evans,sconway@example.com,"English, History, Math","B, B, B","67, 94, 76"
Melissa,Drake,thomasmichelle@example.net,"Math, English, History","F, F, D","55, 73, 78"
Kristi,Burns,nicole56@example.com,"History, English, Math","F, C, D","81, 55, 61"
Megan,Hansen,samantha92@example.net,"English, History, Math","B, F, B","81, 82, 100"
Joel,Ryan,david35@example.net,"English, Math, History","C, D, A","94, 84, 98"
Christina,Perry,anthonywilson@example.com,"Math, English, History","D, F, B","52, 87, 52"
Michael,Ward,stephen97@example.com,"English, History, Math","F, F, A","78, 75, 80"
Kristine,Cunningham,mariolindsey@example.com,"English, History, Math","D, A, B","97, 81, 100"
Scott,Fernandez,laura45@example.org,"History, English, Math","C, B, D","65, 70, 74"
Mary,Floyd,jamie63@example.org,"Math, History, English","D, A, B","64, 66, 73"
Michael,Guzman,coopertiffany@example.com,"History, Math, English","B, B, B","81, 82, 70"
Christine,Mcclure,maldonadocarl@example.com,"History, Math, English","C, A, F","99, 53, 90"
Heather,May,cynthiajohnson@example.org,"Math, English, History","D, A, C","88, 98, 77"
Ryan,Nichols,aaron55@example.net,"History, Math, English","B, F, B","77, 99, 70"
Kristy,Green,jacquelinemiddleton@example.com,"History, Math, English","A, B, F","85, 79, 85"
Gwendolyn,Sanford,zhughes@example.net,"English, Math, History","C, A, B","80, 92, 58"
Robert,Johnson,brianscott@example.com,"Math, English, History","B, B, C","87, 71, 76"
Russell,Farmer,richardcuevas@example.org,"Math, English, History","D, F, C","62, 95, 50"
Marissa,Adams,sarahrichards@example.net,"Math, English, History","A, F, C","82, 77, 99"
Jennifer,Smith,paulahall@example.net,"English, Math, History","B, A, A","77, 95, 92"
Bradley,Jones,matthewmedina@example.net,"English, Math, History","B, D, F","60, 52, 88"
Vincent,Shepard,kbryant@example.net,"Math, English, History","A, C, A","63, 62, 75"
Tina,Frey,lauraking@example.net,"English, History, Math","A, F, D","56, 60, 77"
Jackie,Gutierrez,kyle79@example.net,"Math, History, English","B, B, C","73, 74, 60"
Craig,Bryant,sharoncarrillo@example.net,"History, Math, English","C, C, F","54, 95, 52"
Linda,Phillips,ginaevans@example.net,"Math, History, English","F, F, D","99, 91, 93"
Kristy,Hammond,jerry67@example.org,"Math, History, English","B, D, F","50, 69, 85"
Mallory,Wilson,hgomez@example.com,"English, History, Math","F, F, A","55, 68, 51"
Brooke,Frederick,sean53@example.org,"History, Math, English","B, B, A","90, 84, 79"
Marcus,Burgess,kennethlee@example.net,"History, English, Math","C, C, F","66, 82, 84"
Aaron,Scott,ericjones@example.org,"History, Math, English","A, C, D","59, 84, 61"
Ashley,Taylor,jimmykidd@example.net,"History, English, Math","C, D, F","69, 53, 74"
Danielle,Anderson,fischerbrandon@example.org,"English, History, Math","F, F, B","65, 92, 53"
Matthew,Hall,parkmiranda@example.com,"Math, English, History","F, A, F","95, 55, 73"
Monica,Allison,gjenkins@example.com,"Math, English, History","C, B, C","56, 79, 88"
Jesse,Perez,nrussell@example.org,"Math, History, English","C, A, C","96, 65, 60"
Jennifer,Adams,pennycook@example.com,"English, Math, History","A, F, F","55, 70, 83"
Megan,Washington,erica93@example.net,"History, English, Math","C, C, B","90, 68, 77"
Stephanie,Brown,sgordon@example.org,"English, History, Math","D, F, D","62, 59, 75"
Nathan,Hoffman,uschneider@example.org,"History, English, Math","D, C, F","56, 80, 88"
Holly,Gonzalez,michellesalinas@example.com,"History, Math, English","B, A, F","54, 90, 69"
Brian,Baldwin,wilsontiffany@example.net,"English, Math, History","C, C, C","80, 57, 51"
Robert,Weiss,jasonsullivan@example.org,"English, Math, History","F, F, A","66, 89, 97"
Johnny,Woods,nhernandez@example.com,"English, Math, History","F, C, A","77, 88, 95"
Jose,Hunt,jthomas@example.net,"Math, History, English","A, F, D","61, 71, 80"
Cody,Fields,ericareyes@example.net,"History, English, Math","F, A, A","98, 92, 61"
Chloe,Moore,david93@example.org,"Math, History, English","F, A, F","56, 63, 99"
Matthew,Ellis,laurie60@example.org,"History, Math, English","F, D, C","50, 84, 77"
Christina,Carlson,ramirezbradley@example.org,"History, English, Math","A, B, B","56, 60, 62"
Craig,Bailey,travis67@example.com,"English, History, Math","A, B, B","61, 51, 70"
Amanda,Jackson,mbrown@example.com,"History, Math, English","F, C, F","53, 77, 98"
Crystal,Bush,dbrown@example.net,"History, English, Math","A, C, D","83, 94, 52"
Jasmine,Williams,randyvillegas@example.com,"Math, English, History","C, B, C","76, 65, 55"
Amy,Cox,vjimenez@example.org,"History, Math, English","C, A, A","55, 61, 50"
Lindsey,Jenkins,wrichardson@example.net,"Math, History, English","B, B, C","68, 88, 91"
David,Rose,tammythompson@example.com,"English, Math, History","F, F, B","63, 69, 73"
Christian,Hines,xhughes@example.com,"Math, English, History","B, C, B","71, 86, 78"
Amanda,Harris,bhensley@example.com,"History, English, Math","C, B, A","75, 68, 69"
William,Allen,david53@example.net,"Math, English, History","D, C, C","54, 59, 56"
Andrew,Howard,boydfrank@example.net,"English, History, Math","C, D, F","56, 97, 62"
Elizabeth,Gutierrez,brodriguez@example.net,"Math, English, History","B, C, B","80, 72, 82"
Robert,Bryant,michellebrown@example.com,"Math, English, History","D, B, F","59, 86, 70"
Benjamin,Thomas,pwilliams@example.org,"History, Math, English","C, C, F","96, 71, 93"
Christopher,Williams,vwatkins@example.com,"English, History, Math","B, A, F","81, 72, 80"
Michael,Mccormick,gadams@example.com,"English, Math, History","F, D, A","87, 92, 75"
Clarence,Sanchez,boothmichelle@example.org,"Math, History, English","D, F, C","53, 82, 87"
Richard,Gray,kgentry@example.com,"Math, English, History","D, F, F","81, 66, 80"
Angelica,Anderson,adam11@example.com,"English, History, Math","F, A, F","85, 68, 93"
Jose,King,hfarmer@example.net,"Math, English, History","A, D, F","99, 70, 58"
Anne,Smith,qrichards@example.com,"History, Math, English","A, B, B","51, 52, 55"
Kathryn,Watson,daniel76@example.net,"Math, English, History","C, F, C","86, 67, 50"
James,Thompson,josephleslie@example.net,"History, English, Math","C, D, D","86, 79, 52"
Michael,Rodriguez,terryjohnson@example.com,"Math, History, English","A, D, C","94, 69, 59"
Caleb,Dunn,tsingh@example.com,"History, English, Math","A, C, C","100, 89, 76"
Jill,Crosby,anne72@example.net,"History, Math, English","A, F, D","61, 83, 69"
Amy,Barnes,melissa78@example.org,"Math, History, English","A, A, B","56, 88, 87"
Timothy,Wells,fmeza@example.com,"History, Math, English","C, A, D","60, 98, 67"
Taylor,Cisneros,princejohn@example.net,"History, English, Math","F, B, D","71, 75, 72"
Nathaniel,Blair,millerkarl@example.com,"History, English, Math","F, B, B","82, 83, 100"
Rebecca,Foster,bgardner@example.net,"Math, English, History","A, F, B","60, 60, 62"
Robert,Love,ryanlong@example.net,"Math, English, History","B, C, C","93, 57, 84"
Joshua,Garrett,andrewgardner@example.com,"Math, English, History","A, C, F","95, 99, 62"
Joseph,Sims,jeromejones@example.net,"English, History, Math","A, C, D","60, 63, 95"
Ryan,Rivas,zyang@example.net,"History, English, Math","F, A, F","89, 73, 68"
Tracey,Rodriguez,matthew87@example.net,"Math, History, English","B, C, C","88, 75, 95"
Mark,Cox,thompsonlaura@example.org,"English, History, Math","B, D, D","68, 92, 79"
Marie,Serrano,gfox@example.net,"English, Math, History","F, B, D","95, 72, 81"
Harold,Fisher,sstein@example.com,"English, Math, History","A, A, B","86, 74, 59"
Jason,Grant,gandrews@example.net,"English, Math, History","C, B, F","64, 53, 83"
Alan,Richardson,williamward@example.com,"History, English, Math","A, A, D","93, 86, 98"
Bethany,Nguyen,anthonybates@example.com,"History, English, Math","F, D, A","72, 69, 51"
Ronald,Smith,apalmer@example.com,"History, English, Math","B, C, F","79, 62, 61"
Tom,Garcia,fisherroger@example.net,"English, History, Math","C, A, F","81, 88, 100"
Kristen,Webb,ellisheather@example.com,"History, English, Math","C, C, A","53, 62, 90"
Donna,Craig,baldwinbob@example.net,"History, Math, English","D, A, D","85, 87, 67"
Darlene,Webb,samanthaolson@example.org,"History, Math, English","C, D, C","70, 80, 56"
Colleen,Smith,teresamorgan@example.com,"History, English, Math","D, B, F","86, 100, 58"
Timothy,Cole,sarahowens@example.org,"Math, English, History","B, F, D","59, 82, 73"
Jerry,Casey,nmoore@example.org,"Math, History, English","A, B, C","97, 52, 52"
Christine,Schwartz,danielharrison@example.org,"English, History, Math","D, B, B","93, 75, 64"
Jeffrey,Castro,jimmycox@example.org,"Math, History, English","D, F, F","77, 54, 87"
Jeffrey,Robinson,stephanie26@example.org,"Math, English, History","A, F, B","100, 85, 99"
Erin,Tran,gregoryhoward@example.org,"History, English, Math","F, D, F","82, 79, 97"
Kyle,Walter,dianacohen@example.com,"History, Math, English","A, B, A","67, 73, 65"
Stacy,Griffin,beckjohn@example.com,"History, English, Math","D, A, C","75, 75, 75"
Christopher,Porter,millsrussell@example.net,"English, History, Math","B, D, D","66, 79, 69"
Audrey,Johnson,elevy@example.org,"English, Math, History","C, D, B","50, 55, 70"
Pam,Ramirez,caseykenneth@example.com,"History, English, Math","F, D, A","78, 69, 50"
David,Davis,jacquelinerobinson@example.com,"English, History, Math","B, D, F","75, 71, 58"
Eric,Medina,emily85@example.com,"History, Math, English","A, A, F","52, 57, 61"
Alex,Byrd,evanrussell@example.org,"History, Math, English","D, F, C","75, 65, 70"
Jamie,Anderson,maria91@example.net,"English, Math, History","F, F, B","85, 97, 51"
Elizabeth,Jensen,benjamin85@example.net,"English, History, Math","B, D, B","97, 74, 96"
Dustin,Williams,cwilliams@example.net,"History, Math, English","A, F, B","88, 83, 56"
Denise,Wang,fsalazar@example.org,"Math, History, English","D, C, D","62, 66, 50"
Amanda,Miller,vasquezjose@example.org,"English, History, Math","D, F, F","62, 55, 72"
Linda,Keller,vthomas@example.com,"English, History, Math","B, F, C","66, 72, 74"
George,Martinez,stephanie01@example.org,"English, History, Math","C, B, B","85, 70, 52"
Carolyn,Washington,brendachen@example.net,"History, English, Math","A, D, A","92, 79, 85"
Gabrielle,Olson,robertmeadows@example.com,"History, Math, English","A, C, B","75, 100, 53"
Robert,Smith,johnsonamber@example.com,"History, English, Math","C, B, A","92, 97, 98"
Yolanda,Park,hubbardjennifer@example.net,"History, Math, English","B, C, F","61, 76, 60"
William,Morales,jamessmith@example.net,"English, History, Math","B, D, C","99, 82, 78"
Allison,Clark,pjohnson@example.com,"Math, History, English","B, D, A","85, 77, 68"
Denise,Johnston,donald27@example.com,"Math, History, English","D, D, A","59, 81, 67"
Fernando,Harris,lgibson@example.com,"Math, History, English","D, D, B","64, 53, 63"
Caleb,Hale,wardwayne@example.org,"English, History, Math","F, A, C","69, 88, 53"
Jaime,Kline,stevenwallace@example.org,"History, English, Math","D, C, D","83, 64, 91"
Heidi,Howe,valenzuelaheather@example.com,"History, Math, English","D, A, F","80, 54, 97"
Derek,Rodriguez,nicholas40@example.net,"Math, English, History","F, D, C","79, 96, 66"
Ashley,Lang,david36@example.org,"Math, History, English","D, D, D","62, 56, 56"
Jason,Drake,adamsmarvin@example.com,"Math, History, English","B, F, F","97, 55, 72"
Patrick,Jackson,cory86@example.net,"English, History, Math","B, A, D","82, 83, 71"
Jason,Washington,bfarley@example.net,"Math, English, History","B, F, D","66, 67, 56"
Carolyn,Greene,cblackburn@example.com,"Math, English, History","C, F, B","85, 51, 55"
Nicholas,Garcia,julie99@example.net,"Math, English, History","C, C, D","86, 51, 62"
Andrew,Ingram,joshua38@example.org,"History, English, Math","B, A, C","98, 90, 62"
Alyssa,Fuentes,markjones@example.org,"Math, History, English","C, F, D","59, 85, 82"
Amber,Hale,leericardo@example.org,"History, Math, English","C, A, B","72, 64, 93"
Erin,Osborne,bowmanrobin@example.com,"History, Math, English","B, A, B","65, 67, 77"
Mark,Smith,allisonrenee@example.org,"English, Math, History","C, C, F","80, 90, 63"
Alyssa,Hunt,garrisonlaura@example.org,"Math, History, English","A, D, B","53, 62, 93"
Michael,Campbell,chaddavis@example.org,"Math, English, History","C, C, D","52, 52, 80"
Steven,Lee,samantha18@example.org,"History, English, Math","A, B, A","63, 65, 76"
Andrew,Bennett,edwardsronnie@example.net,"English, History, Math","B, A, C","88, 61, 84"
Tara,Hernandez,meaganorr@example.org,"History, English, Math","D, A, A","86, 75, 88"
Tara,Hall,faithlee@example.org,"History, English, Math","B, C, F","79, 64, 98"
Brittany,Hernandez,whitetimothy@example.org,"English, Math, History","C, D, B","84, 52, 98"
Zachary,Mueller,perrytiffany@example.com,"English, History, Math","A, B, B","75, 57, 58"
Kimberly,Roy,wgonzalez@example.org,"History, English, Math","F, A, B","65, 71, 86"
Brian,Rowe,zvelasquez@example.net,"Math, English, History","A, F, B","75, 52, 85"
Dan,Harrison,taylor38@example.net,"History, Math, English","C, F, D","60, 63, 79"
Daniel,Johnson,benjaminowens@example.net,"English, History, Math","A, C, F","85, 95, 85"
Tyler,Sanchez,combscarla@example.net,"English, Math, History","B, F, B","93, 69, 78"
Catherine,Frazier,smithjoshua@example.org,"Math, English, History","C, C, B","54, 66, 88"
Angela,George,qhoover@example.org,"History, English, Math","C, F, C","74, 76, 75"
Tiffany,Ramirez,ikrueger@example.org,"Math, English, History","F, C, D","58, 92, 75"
Susan,Gonzalez,erodriguez@example.net,"English, History, Math","C, B, F","73, 94, 52"
Jonathon,Lynch,jkaiser@example.com,"English, History, Math","A, A, D","53, 98, 85"
Derek,Lane,nunezdennis@example.net,"English, History, Math","C, C, D","92, 80, 95"
Joseph,Norton,wellsmatthew@example.org,"Math, History, English","D, F, B","98, 80, 97"
Kari,Hall,ljohns@example.org,"History, English, Math","C, D, A","56, 65, 88"
Joshua,Hall,dominic19@example.org,"History, Math, English","F, D, B","76, 55, 80"
Alexandra,Rodriguez,bentonzachary@example.org,"History, Math, English","A, D, D","89, 88, 59"
Randy,Sanchez,barbara91@example.com,"History, Math, English","F, C, B","82, 78, 82"
Bridget,Cooper,richard31@example.org,"English, History, Math","F, C, A","89, 50, 68"
Terri,Stanley,ryanandrews@example.com,"English, Math, History","D, C, D","66, 59, 82"
Catherine,Thomas,frank98@example.org,"History, English, Math","C, F, B","69, 100, 65"
Paul,Snyder,murphyderek@example.net,"History, English, Math","C, B, A","92, 90, 81"
Maria,Cunningham,ptorres@example.com,"Math, English, History","F, B, D","69, 55, 87"
Bonnie,Tran,bonillatimothy@example.org,"Math, History, English","F, F, F","100, 84, 72"
Sarah,Murphy,riveratyler@example.net,"Math, History, English","F, B, A","96, 98, 80"
Brent,Hull,eallen@example.com,"Math, History, English","B, F, C","64, 60, 78"
Christopher,Hernandez,maria31@example.org,"English, History, Math","C, F, B","64, 78, 87"
Angelica,Ray,brownmaria@example.org,"History, Math, English","F, D, F","56, 98, 78"
Craig,Warren,donald10@example.net,"History, English, Math","F, C, A","64, 58, 93"
Kathy,Wright,darmstrong@example.com,"History, English, Math","B, C, D","91, 97, 71"
Wayne,Ware,rdavis@example.org,"History, English, Math","A, A, A","100, 50, 56"
Nicholas,Ryan,aguerrero@example.com,"History, English, Math","B, B, D","54, 73, 82"
Mark,Wilson,jennifer13@example.org,"History, English, Math","C, A, F","73, 92, 59"
David,Espinoza,hunterdeborah@example.net,"History, English, Math","A, A, C","56, 85, 65"
Kathryn,Kelly,alexander23@example.com,"History, Math, English","D, F, B","95, 97, 68"
Michael,Baker,garrisonbrandon@example.com,"English, History, Math","C, B, F","64, 64, 97"
Michael,Andrews,hernandezsharon@example.net,"English, Math, History","F, A, A","51, 94, 51"
Jessica,Hendricks,davidberry@example.com,"Math, History, English","B, A, D","62, 95, 86"
Yolanda,Alexander,nelsonrobert@example.net,"English, History, Math","C, B, B","67, 96, 62"
Robert,Olson,mike52@example.net,"History, Math, English","F, F, C","73, 67, 72"
Rachael,Williams,twalter@example.com,"Math, History, English","D, F, D","77, 74, 73"
Christian,Thomas,wooddiana@example.org,"History, Math, English","F, B, D","97, 57, 99"
Bryan,Moore,danielle96@example.net,"History, Math, English","D, C, B","100, 87, 98"
Angela,Allen,wilsonmichael@example.com,"Math, English, History","B, D, F","83, 58, 70"
Jason,Turner,gonzalezlori@example.net,"History, English, Math","F, A, D","83, 55, 65"
Christopher,Hall,lindasilva@example.net,"Math, History, English","B, B, F","99, 63, 86"
Makayla,Cook,showell@example.org,"History, Math, English","C, B, C","54, 90, 100"
Anna,Christensen,zacharyrobbins@example.com,"History, English, Math","C, A, C","54, 56, 83"
Matthew,Morris,nmckee@example.com,"History, Math, English","F, B, F","56, 56, 94"
Dalton,Salas,zjoseph@example.net,"History, English, Math","D, B, A","77, 95, 66"
Ronald,Brown,jacquelineallen@example.com,"English, History, Math","D, A, F","50, 88, 72"
Erika,Smith,oreed@example.com,"History, Math, English","A, B, B","53, 74, 94"
Nicholas,Jacobs,cruzjames@example.org,"English, History, Math","D, F, B","78, 77, 85"
Patrick,Allen,osmith@example.net,"English, History, Math","C, C, B","73, 56, 70"
Joann,Kelly,noblecaitlin@example.com,"History, English, Math","D, D, F","85, 80, 62"
Christopher,Ortiz,vjones@example.com,"English, Math, History","D, D, F","51, 77, 81"
Sherri,Martin,qmurphy@example.com,"English, History, Math","A, A, C","68, 97, 64"
Marissa,Jones,christophermendez@example.com,"English, Math, History","C, C, D","96, 69, 53"
Lisa,Ball,iday@example.org,"English, History, Math","D, C, D","67, 81, 64"
Dennis,Knapp,ibryant@example.net,"English, Math, History","C, D, B","82, 69, 68"
Kathy,Williams,amandathomas@example.org,"History, Math, English","B, F, F","65, 58, 68"
Laura,Davis,barnetteric@example.org,"Math, History, English","C, D, B","90, 69, 50"
Michael,Houston,ukennedy@example.net,"Math, History, English","C, A, C","76, 77, 82"
Jamie,Griffin,kathyjones@example.net,"English, History, Math","F, A, B","70, 71, 58"
Sally,Simmons,paul93@example.org,"English, History, Math","F, B, D","89, 66, 95"
Douglas,Potts,alan05@example.com,"History, English, Math","A, C, C","70, 92, 65"
Robin,Parker,roberthernandez@example.net,"Math, History, English","A, B, A","99, 80, 81"
Michael,Jackson,fieldssarah@example.net,"Math, English, History","B, F, D","96, 92, 67"
Todd,Brown,andreareynolds@example.org,"History, Math, English","B, A, D","78, 66, 51"
Jason,Stout,cbrown@example.org,"History, Math, English","A, C, C","98, 95, 90"
Mariah,Johnson,ruizerin@example.org,"History, English, Math","A, C, A","59, 89, 58"
Justin,Daniel,colonjames@example.com,"English, Math, History","F, C, D","75, 58, 98"
Donald,Hill,jacquelinewalter@example.net,"Math, History, English","B, F, B","57, 64, 70"
Melissa,King,daryl37@example.com,"Math, English, History","D, F, C","79, 70, 79"
Theresa,Avery,nicole93@example.com,"English, Math, History","C, B, B","85, 91, 89"
Deanna,Anderson,alecallen@example.com,"Math, English, History","A, D, C","70, 87, 93"
Grant,Kent,ohogan@example.org,"History, Math, English","A, A, C","58, 91, 91"
Chad,Armstrong,dstephens@example.org,"English, History, Math","C, D, B","72, 96, 68"
Gregory,Moran,knoxnathaniel@example.net,"English, Math, History","F, D, A","69, 72, 80"
Donald,Nunez,elizabethfernandez@example.org,"English, History, Math","F, D, A","97, 74, 72"
Makayla,Diaz,aaronrose@example.com,"Math, History, English","B, D, D","90, 88, 58"
George,Garcia,brentowens@example.org,"Math, History, English","A, A, F","87, 99, 91"
Erin,Garcia,harmonkayla@example.net,"Math, English, History","B, C, B","83, 98, 78"
Justin,Gonzales,burkemiguel@example.net,"English, History, Math","B, A, C","67, 85, 85"
Michael,Miller,oaguirre@example.com,"Math, History, English","D, A, D","85, 52, 85"
Michelle,Bell,joehenson@example.net,"History, English, Math","C, F, B","87, 65, 98"
Chad,Summers,philip92@example.org,"History, Math, English","A, A, C","85, 71, 73"
Marie,Hubbard,njohnson@example.net,"History, Math, English","A, B, B","60, 58, 69"
Katherine,Gomez,joel63@example.com,"English, Math, History","A, C, A","98, 61, 64"
Daniel,Marshall,rfields@example.net,"History, Math, English","D, A, B","77, 62, 57"
Ruben,Lynch,johnmurray@example.org,"English, Math, History","F, F, F","56, 52, 75"
Chelsea,Williamson,jenniferflowers@example.net,"Math, English, History","D, A, B","100, 86, 62"
Douglas,Johnson,zlara@example.com,"Math, History, English","C, C, F","51, 60, 52"
James,Avila,mckinneyjacqueline@example.com,"Math, English, History","B, D, F","57, 83, 93"
Kevin,Goodwin,murphybenjamin@example.net,"Math, English, History","D, A, B","62, 95, 70"
Emma,Green,thomas37@example.com,"History, English, Math","D, C, A","63, 89, 50"
Valerie,Oconnell,brendahernandez@example.org,"English, History, Math","D, F, C","87, 55, 63"
William,Howard,jscott@example.net,"Math, English, History","A, A, A","76, 59, 60"
Steven,Moreno,heather52@example.org,"Math, English, History","A, A, F","72, 80, 52"
Bryce,Mcdonald,douglaspeterson@example.net,"Math, English, History","A, C, D","89, 56, 59"
Jenna,Miller,johnbrown@example.org,"Math, History, English","F, F, A","92, 83, 51"
Jerry,Buchanan,wparsons@example.com,"English, Math, History","B, A, B","82, 66, 98"
Melissa,Martin,xevans@example.net,"History, English, Math","F, D, D","81, 97, 78"
Tiffany,Martin,natalie25@example.org,"English, Math, History","C, F, F","75, 95, 87"
Steven,Lawson,russellwarren@example.org,"English, History, Math","F, C, D","62, 66, 50"
Leslie,Garcia,laurie11@example.org,"Math, History, English","C, F, C","64, 91, 52"
Timothy,Collins,sergioobrien@example.org,"English, Math, History","F, B, C","69, 61, 63"
Carrie,Hawkins,sextonkaren@example.com,"History, Math, English","C, F, F","93, 82, 94"
Joann,Brown,moralisa@example.org,"History, Math, English","F, B, B","70, 90, 99"
Kenneth,Thomas,navarrodanny@example.net,"Math, English, History","D, B, F","72, 73, 96"
Denise,Bentley,nguyenalexandra@example.com,"English, History, Math","F, F, D","85, 58, 64"
Julia,Conner,navarrosuzanne@example.com,"Math, English, History","D, C, F","96, 79, 70"
Bridget,Butler,gpowers@example.com,"History, English, Math","F, D, B","57, 59, 91"
Kyle,Torres,smithtara@example.net,"Math, English, History","F, D, A","65, 71, 59"
James,Edwards,kathleenwise@example.net,"English, History, Math","D, F, C","92, 63, 99"
Walter,Collins,mitchellchad@example.net,"History, Math, English","F, B, D","99, 57, 57"
Courtney,Howard,james96@example.com,"English, History, Math","F, C, B","55, 77, 58"
George,Mitchell,msmith@example.net,"Math, English, History","D, C, B","76, 71, 60"
Norma,Pierce,angelaswanson@example.org,"Math, English, History","F, F, A","74, 53, 96"
Krystal,Roberts,jennifer79@example.com,"English, Math, History","A, C, F","86, 67, 78"
Joseph,Adams,wallerchristine@example.net,"English, History, Math","C, C, C","68, 68, 90"
Danielle,Dixon,caindaniel@example.org,"History, Math, English","B, A, A","53, 96, 58"
Juan,Thomas,jackiecarr@example.net,"History, English, Math","F, A, F","59, 77, 98"
Courtney,Goodman,joshua88@example.com,"English, Math, History","D, D, B","85, 72, 88"
Evan,Howard,raymondperez@example.org,"History, Math, English","C, B, C","60, 78, 54"
Morgan,Cruz,xdeleon@example.org,"English, Math, History","F, D, C","59, 96, 95"
Jessica,Hoffman,jalvarez@example.net,"History, English, Math","A, C, F","86, 57, 97"
Megan,Boyd,ballardrobin@example.net,"English, Math, History","D, F, D","73, 90, 58"
Michelle,Schroeder,wendyrice@example.net,"Math, English, History","D, D, A","58, 75, 59"
Michael,Novak,frich@example.org,"Math, History, English","B, C, C","63, 77, 60"
Teresa,Scott,thomasrobert@example.net,"Math, English, History","F, A, B","81, 96, 51"
Henry,Scott,yhudson@example.net,"History, English, Math","F, D, C","54, 68, 69"
Patrick,Forbes,wbrooks@example.org,"History, Math, English","A, F, F","68, 74, 90"
Melissa,Larsen,lewisblake@example.net,"English, Math, History","F, B, D","67, 93, 60"
Andrew,Garcia,mary81@example.net,"English, Math, History","D, C, F","55, 78, 67"
Stacey,Davis,halerachel@example.com,"History, Math, English","B, C, B","62, 66, 97"
Sydney,Mcdonald,christophermercer@example.org,"Math, English, History","A, D, A","67, 73, 69"
Crystal,Jones,ksmith@example.com,"History, Math, English","B, F, A","77, 99, 71"
Tina,Johnson,mayedwin@example.com,"Math, English, History","D, F, F","96, 98, 68"
Harry,Adams,omartin@example.net,"Math, History, English","D, F, B","74, 68, 67"
Randall,Collins,james55@example.org,"Math, English, History","C, C, D","97, 83, 73"
John,Torres,tinawilson@example.net,"English, History, Math","C, B, B","68, 70, 81"
Ann,Davidson,carlosmunoz@example.net,"English, History, Math","B, C, F","78, 83, 70"
Carol,Anderson,juanjohnson@example.org,"English, Math, History","B, F, D","96, 69, 82"
Jason,Martinez,twall@example.net,"Math, History, English","D, C, F","76, 86, 89"
Gerald,Parker,kmcconnell@example.org,"English, History, Math","A, D, B","71, 66, 96"
Kara,Wilkinson,ryan39@example.org,"History, English, Math","A, B, A","75, 60, 96"
Mackenzie,Smith,pwalters@example.com,"History, Math, English","D, D, D","63, 84, 100"
John,Hall,phillipsandoval@example.com,"English, History, Math","B, B, D","61, 92, 77"
Andrea,Dominguez,william98@example.org,"History, Math, English","A, D, F","84, 97, 78"
Kevin,Mason,ana05@example.org,"History, English, Math","C, F, C","70, 90, 81"
Brian,Herring,iwoods@example.net,"History, Math, English","C, B, A","84, 80, 58"
Stephanie,Montgomery,jjacobs@example.net,"English, Math, History","B, A, B","61, 67, 53"
Tyler,Lam,mitchellward@example.org,"Math, English, History","B, B, A","50, 54, 83"
Ronald,Pena,smithnicole@example.net,"English, History, Math","B, C, A","67, 64, 86"
Andrea,Davies,lejames@example.net,"Math, History, English","D, A, D","65, 97, 50"
Alexandra,Shah,ewhitaker@example.org,"Math, English, History","C, D, B","76, 79, 53"
Theresa,Baker,owashington@example.org,"Math, English, History","F, C, D","83, 72, 82"
Tracey,Porter,thomas88@example.org,"Math, English, History","C, D, F","88, 57, 51"
Tricia,Hendricks,adamsanna@example.com,"English, History, Math","D, D, D","73, 84, 74"
Michael,Parks,maldonadomatthew@example.com,"English, History, Math","B, A, C","58, 81, 78"
Walter,Morris,davilanorman@example.net,"Math, English, History","F, A, F","63, 63, 82"
Steven,Liu,pmitchell@example.com,"History, Math, English","D, D, C","82, 84, 97"
David,Mcmillan,markharris@example.net,"History, Math, English","B, D, C","94, 77, 68"
Ann,Murray,josephparker@example.org,"Math, English, History","B, D, D","65, 50, 89"
Dylan,Solis,reynoldsjacob@example.com,"Math, English, History","F, A, D","91, 53, 76"
Craig,Washington,richardparker@example.org,"English, Math, History","C, B, C","85, 62, 78"
Joshua,Singh,robertrodriguez@example.com,"English, History, Math","B, B, D","79, 68, 81"
Melissa,Dennis,andrewhernandez@example.com,"English, Math, History","C, D, F","90, 93, 80"
Stephen,Johnson,carrwhitney@example.net,"History, English, Math","B, A, F","95, 96, 68"
Benjamin,Stephens,andrea12@example.com,"History, English, Math","F, C, F","76, 59, 74"
John,Kennedy,stacey23@example.net,"Math, History, English","A, C, F","80, 53, 90"
Tina,Shelton,obowman@example.net,"History, Math, English","D, D, A","84, 96, 87"
Donald,Wright,xcortez@example.com,"History, English, Math","C, B, A","82, 83, 100"
Laura,Mann,qjohnson@example.com,"Math, History, English","B, F, D","51, 59, 87"
Thomas,Thomas,melissa62@example.org,"Math, English, History","D, B, D","62, 93, 71"
Stephanie,Nelson,ugriffin@example.com,"Math, History, English","A, F, F","71, 56, 83"
Vanessa,Mitchell,sjackson@example.com,"History, Math, English","C, F, D","93, 73, 63"
Angelica,Burgess,omathis@example.net,"History, English, Math","A, A, C","71, 100, 93"
Nicholas,Cobb,maria64@example.org,"English, History, Math","C, C, A","51, 57, 82"
James,Phelps,jacobreyes@example.net,"History, English, Math","C, F, F","78, 64, 55"
Steven,Keith,jacksonchristie@example.org,"History, English, Math","D, D, D","96, 92, 89"
Sherry,Nelson,lindamcdonald@example.com,"Math, English, History","A, B, F","57, 51, 96"
Amy,Aguirre,emily90@example.org,"History, Math, English","A, C, C","58, 55, 72"
Whitney,Rodriguez,jcampbell@example.com,"History, Math, English","C, C, D","54, 65, 80"
Jasmine,Gilbert,denisethompson@example.org,"English, Math, History","A, D, B","63, 54, 61"
Jessica,Robinson,espinozarebecca@example.net,"History, Math, English","C, F, B","79, 56, 91"
Lisa,Hansen,jessicasanchez@example.com,"Math, History, English","B, A, A","95, 87, 81"
Mary,Hale,reneedavis@example.net,"English, Math, History","F, B, F","71, 97, 76"
Joshua,Rivers,andrea32@example.com,"History, Math, English","A, B, D","100, 100, 92"
Angela,Jones,dennisclark@example.net,"History, English, Math","D, C, C","55, 59, 69"
Connie,Downs,gregoryrichmond@example.net,"History, Math, English","B, B, C","92, 53, 56"
Peggy,Spencer,tburch@example.com,"History, English, Math","C, D, D","90, 60, 62"
Reginald,Mcdaniel,brandon16@example.com,"History, English, Math","F, F, F","58, 89, 78"
John,Underwood,tmartin@example.com,"History, English, Math","C, B, D","60, 73, 54"
Manuel,Gould,chad12@example.org,"English, History, Math","A, A, A","99, 63, 88"
Chase,Johnson,jthomas@example.net,"English, History, Math","C, C, D","73, 76, 89"
Paul,Warren,christinagibson@example.org,"Math, English, History","D, F, F","83, 91, 65"
Daniel,Nunez,wangmark@example.org,"Math, History, English","D, A, B","90, 83, 52"
Julia,Thomas,brianna33@example.org,"English, Math, History","F, F, F","52, 81, 50"
James,Oneill,bowens@example.com,"Math, English, History","C, F, C","93, 58, 56"
Deborah,Mann,deniseward@example.com,"Math, English, History","A, F, D","95, 55, 56"
Jessica,Hernandez,umiller@example.org,"English, Math, History","D, B, A","90, 84, 69"
Katherine,Davis,ybaldwin@example.org,"History, Math, English","B, D, B","99, 77, 73"
Victoria,Barker,johnsonjames@example.net,"English, History, Math","A, F, B","84, 72, 52"
John,Chandler,wardandrew@example.net,"English, History, Math","B, A, C","90, 54, 79"
Kenneth,Gonzalez,laura94@example.net,"Math, History, English","F, A, D","68, 53, 86"
Theresa,Ewing,qgraham@example.com,"English, Math, History","A, B, C","77, 56, 88"
Michael,Fleming,ohernandez@example.net,"English, Math, History","A, B, B","60, 99, 95"
Joshua,Fuentes,monique97@example.org,"Math, History, English","C, A, D","99, 95, 53"
Angela,Johnson,arichardson@example.org,"History, Math, English","F, C, A","61, 59, 70"
Kevin,Payne,mcdonaldbryan@example.com,"Math, English, History","C, F, F","91, 86, 90"
Brittney,Charles,etyler@example.com,"History, English, Math","B, F, D","90, 50, 57"
Brittany,Pacheco,stevemiller@example.com,"History, English, Math","B, D, F","54, 76, 60"
Elizabeth,Buck,sharon46@example.com,"Math, History, English","F, C, F","97, 65, 56"
Elizabeth,Edwards,marietate@example.com,"Math, History, English","D, B, C","86, 94, 66"
Joshua,Weeks,larsonjoseph@example.net,"English, History, Math","F, B, D","54, 65, 86"
Timothy,Ellison,wjackson@example.com,"English, Math, History","F, F, F","53, 52, 94"
Daniel,Thompson,pricealicia@example.org,"English, Math, History","F, F, F","82, 65, 57"
Elizabeth,Davidson,zpeterson@example.net,"History, English, Math","D, A, D","97, 84, 60"
Michael,Moore,eward@example.net,"English, Math, History","D, B, B","66, 85, 61"
Robin,Fleming,kelseylewis@example.net,"Math, History, English","C, F, B","83, 76, 94"
Jill,Porter,oliverhenry@example.com,"Math, English, History","C, C, A","74, 69, 82"
Brian,Newton,tracifranco@example.net,"English, Math, History","F, F, D","53, 83, 57"
Victoria,Davis,michele98@example.net,"English, History, Math","F, B, C","79, 73, 74"
Anna,Nguyen,ndelgado@example.net,"History, Math, English","C, F, A","72, 69, 77"
Scott,Jones,karencampbell@example.org,"History, Math, English","A, A, F","69, 76, 73"
Robert,Sullivan,eadams@example.net,"Math, History, English","B, C, B","53, 70, 82"
Paul,Franklin,vasquezfrank@example.net,"Math, History, English","C, C, C","81, 70, 63"
Erin,Johnson,nathaniel36@example.com,"English, History, Math","D, B, B","65, 95, 51"
Michael,Brady,brendadeleon@example.com,"History, Math, English","C, D, D","53, 78, 58"
Brett,Smith,joshuaevans@example.org,"History, Math, English","C, A, A","91, 61, 64"
Steve,Coleman,ulopez@example.net,"English, History, Math","F, C, F","99, 99, 68"
Christina,Nelson,millsnathan@example.net,"Math, History, English","C, D, F","66, 92, 71"
John,James,princepeggy@example.net,"Math, English, History","B, A, F","81, 55, 88"
Darren,Washington,rrichards@example.org,"History, Math, English","C, C, B","61, 83, 52"
Michael,Gray,craigstafford@example.net,"History, Math, English","D, F, A","64, 84, 85"
Wanda,Compton,bfranco@example.net,"English, History, Math","C, A, F","100, 76, 67"
Amanda,Davidson,angelneal@example.net,"History, English, Math","F, D, C","58, 86, 55"
Amber,Henson,danielscott@example.org,"Math, English, History","F, C, A","69, 57, 86"
Brittany,White,jessica13@example.net,"English, History, Math","B, D, B","61, 87, 76"
Sarah,Johnson,icooper@example.org,"History, English, Math","C, B, F","67, 90, 79"
Joseph,Estrada,websterashley@example.com,"History, Math, English","D, C, A","99, 54, 78"
Kelly,Reed,maryhines@example.net,"History, English, Math","B, F, D","55, 81, 75"
Dustin,Rodgers,james07@example.org,"Math, English, History","D, B, A","51, 55, 100"
Michelle,Patterson,schultzdavid@example.com,"History, English, Math","F, B, D","71, 83, 59"
Derrick,Weber,dustinbutler@example.com,"Math, History, English","F, A, F","75, 96, 57"
Maria,Hester,mariabautista@example.org,"Math, History, English","D, A, C","76, 87, 89"
Angelica,Fernandez,nicolesolis@example.com,"Math, History, English","D, B, B","90, 69, 90"
David,Gray,shannon92@example.com,"English, History, Math","B, A, F","87, 74, 68"
William,Lloyd,phudson@example.org,"History, English, Math","D, F, D","68, 63, 86"
Christina,Stevenson,osilva@example.org,"Math, English, History","B, A, A","84, 79, 66"
Dennis,Walker,sean60@example.com,"History, Math, English","D, C, F","78, 69, 76"
Alicia,Pham,braunpatrick@example.org,"English, History, Math","B, B, B","97, 58, 77"
Tony,Santos,nicholasschultz@example.com,"English, Math, History","D, F, A","64, 58, 64"
Mitchell,Young,xmartin@example.com,"English, Math, History","D, F, A","65, 70, 86"
Matthew,Clark,kayla80@example.com,"Math, English, History","C, C, D","91, 59, 51"
Maria,Deleon,blee@example.com,"Math, English, History","D, F, A","70, 50, 62"
David,Ross,dianacarson@example.net,"Math, English, History","C, B, D","88, 64, 62"
Crystal,Johnson,jonesjessica@example.com,"English, History, Math","D, F, F","83, 57, 93"
Jimmy,Jackson,georgefernandez@example.com,"Math, English, History","A, B, A","76, 79, 59"
Jessica,Davis,helen06@example.com,"English, History, Math","D, C, D","63, 100, 80"
Clinton,Johnson,marcus77@example.net,"History, Math, English","D, C, A","52, 63, 61"
Peter,Schaefer,rivasbrittany@example.net,"Math, English, History","D, D, B","95, 95, 53"
Holly,Scott,gardnerlori@example.org,"Math, History, English","A, A, A","68, 83, 88"
Daniel,Flowers,dburke@example.com,"English, History, Math","D, F, A","73, 80, 92"
Stephen,Murphy,nicolediaz@example.com,"English, History, Math","B, A, C","84, 84, 56"
Crystal,Lang,zwilkins@example.net,"English, Math, History","F, F, F","81, 90, 87"
Joseph,Martinez,alisonpratt@example.org,"History, English, Math","B, B, B","73, 60, 60"
Bradley,Murray,johnbeck@example.net,"Math, History, English","B, B, F","63, 72, 96"
Heather,Cole,jennaduran@example.org,"English, History, Math","C, B, C","86, 77, 91"
Janice,Thomas,charlottewilson@example.net,"Math, History, English","B, C, D","56, 95, 73"
Matthew,Fry,toddwolf@example.com,"English, Math, History","D, A, D","96, 57, 65"
Stephen,Elliott,jacobssteven@example.net,"Math, History, English","D, B, F","65, 59, 100"
Alejandro,Warren,eringibbs@example.com,"English, Math, History","D, F, B","88, 81, 79"
Christine,Love,ymorton@example.org,"Math, History, English","B, C, A","56, 75, 84"
Joshita,Atmakuri,Joshita1@gmail.com,"History, Math, English","A, C, A","52, 85, 81"
